EmployeeID,SupervisorID,Level,Name,Email,DOB,HireDate,Supervisor,DivisionID,Division
1,1,1,Susan McCEO,susan_mcceo@mockorg.com,1975-08-28,2010-06-05,Y,1,CEO
2,1,2,Mr. Mark Sanchez MD,mr._mark_sanchez_md@mockorg.com,2005-08-22,1992-12-17,Y,2,Finance
12,2,3,Anna Richardson,anna_richardson@mockorg.com,1986-02-18,1990-03-27,Y,2,Finance
13,2,3,Kevin Jenkins,kevin_jenkins@mockorg.com,2005-12-25,2019-07-27,Y,2,Finance
14,2,3,Rebekah Walker,rebekah_walker@mockorg.com,1995-02-15,1993-05-28,Y,2,Finance
15,2,3,James Sanchez,james_sanchez@mockorg.com,1965-05-10,2008-01-04,Y,2,Finance
16,2,3,Angela Young,angela_young@mockorg.com,2003-09-30,2008-05-16,Y,2,Finance
85,12,4,Brandon Miller,brandon_miller@mockorg.com,1993-12-09,1997-01-15,N,2,Finance
86,12,4,Kathryn Hernandez,kathryn_hernandez@mockorg.com,1987-03-16,2003-06-01,N,2,Finance
87,12,4,Nicholas Long,nicholas_long@mockorg.com,1999-06-27,2022-08-10,N,2,Finance
88,12,4,Christopher Price,christopher_price@mockorg.com,1992-03-01,2015-05-05,N,2,Finance
89,12,4,Richard Torres,richard_torres@mockorg.com,2004-08-22,1999-05-22,N,2,Finance
90,12,4,Jimmy Olson,jimmy_olson@mockorg.com,1974-10-09,2007-05-11,N,2,Finance
91,12,4,Benjamin Collier,benjamin_collier@mockorg.com,1975-05-12,2010-04-15,N,2,Finance
92,12,4,David Griffin,david_griffin@mockorg.com,1977-02-21,2011-01-01,N,2,Finance
93,13,4,Laura Simpson,laura_simpson@mockorg.com,1980-01-05,2012-01-22,N,2,Finance
94,13,4,Adam Wilson,adam_wilson@mockorg.com,1971-05-17,2016-10-11,N,2,Finance
95,13,4,Laura Miller,laura_miller@mockorg.com,1983-08-13,2011-04-22,N,2,Finance
96,13,4,Samantha Butler,samantha_butler@mockorg.com,1970-12-15,2011-09-03,N,2,Finance
97,13,4,Wayne Archer,wayne_archer@mockorg.com,2000-05-21,2020-10-29,N,2,Finance
98,13,4,Jordan Brown,jordan_brown@mockorg.com,1976-04-16,2022-10-10,N,2,Finance
99,13,4,Maria Everett,maria_everett@mockorg.com,1997-04-19,2014-05-20,N,2,Finance
100,14,4,Christina Pratt,christina_pratt@mockorg.com,1984-03-16,1994-10-13,N,2,Finance
101,14,4,Monica Campos,monica_campos@mockorg.com,1994-05-12,2009-09-28,N,2,Finance
102,14,4,Frank Weber,frank_weber@mockorg.com,1973-11-01,2018-11-10,N,2,Finance
103,14,4,Brent Quinn,brent_quinn@mockorg.com,1985-10-16,1998-01-19,N,2,Finance
104,14,4,William Jackson,william_jackson@mockorg.com,1987-12-28,2015-01-14,N,2,Finance
105,15,4,Kimberly Robinson,kimberly_robinson@mockorg.com,1967-05-15,1999-11-15,N,2,Finance
106,15,4,Paige Hughes,paige_hughes@mockorg.com,1996-12-12,2015-05-15,N,2,Finance
107,15,4,Aaron Jones,aaron_jones@mockorg.com,1997-08-10,1996-02-21,N,2,Finance
108,15,4,Jasmine Johnson,jasmine_johnson@mockorg.com,1981-06-30,2014-11-15,N,2,Finance
109,15,4,Monique Perez,monique_perez@mockorg.com,1989-02-13,1996-01-27,N,2,Finance
110,15,4,Sara Rose,sara_rose@mockorg.com,2004-04-09,1992-01-25,N,2,Finance
111,16,4,Kayla Mendoza,kayla_mendoza@mockorg.com,1974-09-14,2008-12-23,N,2,Finance
112,16,4,Nicole Brooks,nicole_brooks@mockorg.com,1964-04-18,2015-09-15,N,2,Finance
113,16,4,William Schmidt,william_schmidt@mockorg.com,1996-11-12,1991-05-08,N,2,Finance
114,16,4,Matthew Jones,matthew_jones@mockorg.com,1981-10-25,2020-01-27,N,2,Finance
115,16,4,Sarah Edwards,sarah_edwards@mockorg.com,1999-08-20,2001-12-11,N,2,Finance
116,16,4,Kim Jordan,kim_jordan@mockorg.com,1974-12-21,2023-11-02,N,2,Finance
117,16,4,Jodi James,jodi_james@mockorg.com,1980-05-24,1996-02-28,N,2,Finance
3,1,2,Michael Miller,michael_miller@mockorg.com,1970-07-05,2018-09-12,Y,3,HR
17,3,3,Jason Nicholson,jason_nicholson@mockorg.com,1984-02-18,2004-01-07,Y,3,HR
18,3,3,Reginald Smith,reginald_smith@mockorg.com,1982-12-27,2012-03-27,Y,3,HR
19,3,3,Evan Reed,evan_reed@mockorg.com,1991-08-25,2008-01-24,Y,3,HR
20,3,3,Mr. Jeffrey House Jr.,mr._jeffrey_house_jr.@mockorg.com,1967-09-11,1995-07-21,Y,3,HR
21,3,3,Charles Collins,charles_collins@mockorg.com,1995-08-21,2023-04-30,Y,3,HR
22,3,3,Jonathan Allen,jonathan_allen@mockorg.com,2002-08-02,2024-08-17,Y,3,HR
118,17,4,Jeffrey Leon,jeffrey_leon@mockorg.com,2005-04-21,2017-12-28,N,3,HR
119,17,4,James Meyer,james_meyer@mockorg.com,1996-11-26,1992-03-22,N,3,HR
120,17,4,Christina Jenkins,christina_jenkins@mockorg.com,1967-07-10,1993-06-18,N,3,HR
121,17,4,Ruben Brooks,ruben_brooks@mockorg.com,2004-08-02,2006-12-23,N,3,HR
122,17,4,Carolyn Silva,carolyn_silva@mockorg.com,1983-08-15,1991-09-09,N,3,HR
123,17,4,Brenda Andersen,brenda_andersen@mockorg.com,2005-04-23,1993-02-04,N,3,HR
124,17,4,Gabrielle Kirk,gabrielle_kirk@mockorg.com,1970-01-24,2004-10-13,N,3,HR
125,17,4,Kevin Moore,kevin_moore@mockorg.com,2005-05-17,2024-04-13,N,3,HR
126,17,4,Rebecca Bell,rebecca_bell@mockorg.com,1982-07-29,1997-10-08,N,3,HR
127,18,4,Daniel Haynes,daniel_haynes@mockorg.com,1994-04-05,1993-02-09,N,3,HR
128,18,4,Gary Cox,gary_cox@mockorg.com,1999-06-29,2002-10-25,N,3,HR
129,18,4,Kimberly Black,kimberly_black@mockorg.com,1973-11-30,2011-03-22,N,3,HR
130,18,4,Chris Brown,chris_brown@mockorg.com,1993-04-04,1996-08-13,N,3,HR
131,18,4,Johnny Parker,johnny_parker@mockorg.com,1976-03-03,2021-12-12,N,3,HR
132,18,4,Kristen Smith,kristen_smith@mockorg.com,2006-06-02,2001-09-04,N,3,HR
133,19,4,Zachary Rodriguez,zachary_rodriguez@mockorg.com,1968-10-04,2004-08-17,N,3,HR
134,19,4,Rebecca Greer,rebecca_greer@mockorg.com,1999-05-15,2021-05-21,N,3,HR
135,19,4,Nicholas Wong,nicholas_wong@mockorg.com,2000-03-11,1993-08-07,N,3,HR
136,19,4,Amber Gomez,amber_gomez@mockorg.com,1986-11-04,2016-08-26,N,3,HR
137,19,4,Daniel Jackson,daniel_jackson@mockorg.com,1973-04-12,2009-09-16,N,3,HR
138,20,4,Jennifer Graves,jennifer_graves@mockorg.com,1969-06-07,2008-01-08,N,3,HR
139,20,4,Alan Carpenter,alan_carpenter@mockorg.com,1965-05-16,2021-02-20,N,3,HR
140,20,4,Tammy Jimenez,tammy_jimenez@mockorg.com,1994-12-31,2009-05-23,N,3,HR
141,20,4,Corey Morris,corey_morris@mockorg.com,1969-10-20,2011-12-29,N,3,HR
142,20,4,Blake Berg,blake_berg@mockorg.com,2003-08-28,2021-02-01,N,3,HR
143,20,4,David Bennett,david_bennett@mockorg.com,1975-07-06,2022-11-01,N,3,HR
144,21,4,Lisa Adams,lisa_adams@mockorg.com,1963-12-14,2007-11-06,N,3,HR
145,21,4,Tara Reed,tara_reed@mockorg.com,1965-08-31,1992-08-07,N,3,HR
146,21,4,Carol Rice,carol_rice@mockorg.com,1984-01-05,1996-02-21,N,3,HR
147,21,4,Christine Ortega,christine_ortega@mockorg.com,1980-09-03,1995-02-24,N,3,HR
148,21,4,Kathryn Cohen,kathryn_cohen@mockorg.com,1964-10-15,1999-11-28,N,3,HR
149,21,4,Samantha Boyd MD,samantha_boyd_md@mockorg.com,1970-09-04,2015-02-25,N,3,HR
150,22,4,Michelle Hernandez,michelle_hernandez@mockorg.com,1967-08-17,1996-08-31,N,3,HR
151,22,4,Angela Wiggins,angela_wiggins@mockorg.com,1988-05-07,2023-11-28,N,3,HR
152,22,4,Colton Silva,colton_silva@mockorg.com,1985-07-19,2007-11-09,N,3,HR
153,22,4,Robert Kelley,robert_kelley@mockorg.com,2000-12-30,2023-04-07,N,3,HR
154,22,4,Marilyn Lyons,marilyn_lyons@mockorg.com,1994-11-02,1997-09-10,N,3,HR
155,22,4,Mallory Crosby,mallory_crosby@mockorg.com,1970-02-27,2010-10-20,N,3,HR
4,1,2,Emma Lopez,emma_lopez@mockorg.com,2005-09-23,2001-06-09,Y,4,R&D
23,4,3,Alyssa Snyder,alyssa_snyder@mockorg.com,1982-06-30,2008-10-09,Y,4,R&D
24,4,3,Alexander Jacobs,alexander_jacobs@mockorg.com,1999-06-16,2001-08-30,Y,4,R&D
25,4,3,Andrew Patel,andrew_patel@mockorg.com,1999-01-01,2006-09-14,Y,4,R&D
26,4,3,Brian Horn,brian_horn@mockorg.com,1994-07-06,1998-11-18,Y,4,R&D
27,4,3,Barbara Castro,barbara_castro@mockorg.com,1965-02-12,2000-06-11,Y,4,R&D
28,4,3,Mr. Edward Beck,mr._edward_beck@mockorg.com,1974-08-05,2017-03-16,Y,4,R&D
156,23,4,Anthony Avila,anthony_avila@mockorg.com,1985-01-20,2009-02-27,N,4,R&D
157,23,4,Kenneth Norris,kenneth_norris@mockorg.com,1999-04-27,2023-10-18,N,4,R&D
158,23,4,Grant Carter,grant_carter@mockorg.com,2003-06-28,2004-08-13,N,4,R&D
159,23,4,Sandra Snyder,sandra_snyder@mockorg.com,2004-01-11,2019-06-19,N,4,R&D
160,23,4,Kevin Farmer,kevin_farmer@mockorg.com,1991-04-12,1991-04-20,N,4,R&D
161,23,4,Teresa Warner,teresa_warner@mockorg.com,1997-01-01,1996-08-11,N,4,R&D
162,23,4,Christopher Mora,christopher_mora@mockorg.com,1983-10-27,2015-10-16,N,4,R&D
163,24,4,Nancy Clark,nancy_clark@mockorg.com,1989-11-09,2012-04-27,N,4,R&D
164,24,4,Frederick Roberson,frederick_roberson@mockorg.com,1980-02-09,2007-02-20,N,4,R&D
165,24,4,Glenda Jones,glenda_jones@mockorg.com,1964-04-13,2019-07-20,N,4,R&D
166,24,4,Jose Jones,jose_jones@mockorg.com,1990-01-13,1997-03-13,N,4,R&D
167,24,4,Miranda Robertson,miranda_robertson@mockorg.com,2000-11-15,2019-03-01,N,4,R&D
168,24,4,Ashley Ortiz,ashley_ortiz@mockorg.com,1996-12-21,2015-12-10,N,4,R&D
169,24,4,Nicole Bowers,nicole_bowers@mockorg.com,1978-09-30,2021-10-14,N,4,R&D
170,24,4,Jennifer Stone,jennifer_stone@mockorg.com,1998-08-27,2020-06-07,N,4,R&D
171,25,4,Michelle Clark DDS,michelle_clark_dds@mockorg.com,1964-11-14,1994-04-18,N,4,R&D
172,25,4,Michael Hill,michael_hill@mockorg.com,1976-05-17,2023-07-11,N,4,R&D
173,25,4,Steven Simmons,steven_simmons@mockorg.com,1978-09-12,2022-01-25,N,4,R&D
174,25,4,Tracey Pitts,tracey_pitts@mockorg.com,1982-10-28,2018-03-11,N,4,R&D
175,25,4,Jenny Mitchell,jenny_mitchell@mockorg.com,1978-02-27,1998-05-24,N,4,R&D
176,25,4,Christine Oconnor,christine_oconnor@mockorg.com,2005-09-21,2016-12-31,N,4,R&D
177,25,4,Martin Evans,martin_evans@mockorg.com,1982-02-02,2018-09-15,N,4,R&D
178,25,4,Lindsay Salas,lindsay_salas@mockorg.com,1978-03-15,2014-02-18,N,4,R&D
179,26,4,Ralph Johnston,ralph_johnston@mockorg.com,1964-11-20,2024-08-29,N,4,R&D
180,26,4,Kelsey Singleton,kelsey_singleton@mockorg.com,1968-01-24,2006-02-22,N,4,R&D
181,26,4,Katherine Cantu,katherine_cantu@mockorg.com,1991-12-11,2022-05-17,N,4,R&D
182,26,4,Andrew Parker,andrew_parker@mockorg.com,1981-06-16,1993-05-07,N,4,R&D
183,26,4,Christopher Neal,christopher_neal@mockorg.com,1976-05-06,2004-04-10,N,4,R&D
184,26,4,Stephanie Vincent,stephanie_vincent@mockorg.com,1999-10-30,2024-05-24,N,4,R&D
185,27,4,Tina Larson,tina_larson@mockorg.com,1986-04-27,2003-05-16,N,4,R&D
186,27,4,Joseph Cox,joseph_cox@mockorg.com,1998-07-03,2003-10-27,N,4,R&D
187,27,4,Ryan Carpenter,ryan_carpenter@mockorg.com,1969-01-30,1993-12-06,N,4,R&D
188,27,4,Brandon Nguyen,brandon_nguyen@mockorg.com,1983-10-30,1993-12-30,N,4,R&D
189,27,4,Theresa Reeves,theresa_reeves@mockorg.com,1991-04-02,2000-01-20,N,4,R&D
190,27,4,Allison Christensen,allison_christensen@mockorg.com,2001-08-19,2005-06-04,N,4,R&D
191,27,4,Daniel Martin,daniel_martin@mockorg.com,1967-11-27,2023-12-17,N,4,R&D
192,27,4,Jonathan Price,jonathan_price@mockorg.com,1977-11-16,2023-03-13,N,4,R&D
193,28,4,Mark Kim,mark_kim@mockorg.com,1995-11-27,2009-12-19,N,4,R&D
194,28,4,Sarah Sheppard,sarah_sheppard@mockorg.com,2003-09-11,1993-04-04,N,4,R&D
195,28,4,Audrey Young,audrey_young@mockorg.com,1978-01-19,1993-10-24,N,4,R&D
196,28,4,Sarah Wilson,sarah_wilson@mockorg.com,1989-09-15,2009-03-20,N,4,R&D
197,28,4,Bethany Wolfe,bethany_wolfe@mockorg.com,2003-10-27,2002-09-30,N,4,R&D
5,1,2,Lisa Reid,lisa_reid@mockorg.com,2003-04-12,2023-06-21,Y,5,Manufacturing
29,5,3,Laura Chung,laura_chung@mockorg.com,1974-08-16,2023-12-19,Y,5,Manufacturing
30,5,3,Justin Lopez,justin_lopez@mockorg.com,1968-11-08,1999-08-13,Y,5,Manufacturing
31,5,3,Aaron Campbell,aaron_campbell@mockorg.com,2003-08-15,2017-12-11,Y,5,Manufacturing
32,5,3,Tracey Washington,tracey_washington@mockorg.com,1996-06-29,2021-01-24,Y,5,Manufacturing
33,5,3,Kathleen Moore,kathleen_moore@mockorg.com,2004-03-16,2001-08-22,Y,5,Manufacturing
34,5,3,David Logan,david_logan@mockorg.com,1976-04-28,2013-06-14,Y,5,Manufacturing
35,5,3,Teresa Briggs,teresa_briggs@mockorg.com,2004-10-27,1997-07-09,Y,5,Manufacturing
36,5,3,Alvin Lee,alvin_lee@mockorg.com,1967-09-03,1995-01-26,Y,5,Manufacturing
37,5,3,Jessica Scott,jessica_scott@mockorg.com,1985-05-06,1997-05-09,Y,5,Manufacturing
198,29,4,Barbara Knight,barbara_knight@mockorg.com,1970-02-17,2020-01-22,N,5,Manufacturing
199,29,4,Catherine Mills,catherine_mills@mockorg.com,2000-11-24,1992-03-06,N,5,Manufacturing
200,29,4,Felicia Barrett,felicia_barrett@mockorg.com,1984-04-17,2004-09-27,N,5,Manufacturing
201,29,4,Robert Jackson,robert_jackson@mockorg.com,1989-01-01,2008-08-07,N,5,Manufacturing
202,29,4,Jay Sawyer,jay_sawyer@mockorg.com,1973-05-16,2003-03-01,N,5,Manufacturing
203,29,4,Grace Fisher,grace_fisher@mockorg.com,1993-02-03,2012-10-25,N,5,Manufacturing
204,29,4,Mr. Howard Ortega,mr._howard_ortega@mockorg.com,1998-07-26,1994-09-10,N,5,Manufacturing
205,29,4,Carolyn Mora,carolyn_mora@mockorg.com,1988-01-21,1993-04-08,N,5,Manufacturing
206,29,4,Christopher Jones,christopher_jones@mockorg.com,1974-10-24,2020-06-12,N,5,Manufacturing
207,30,4,Benjamin Wallace,benjamin_wallace@mockorg.com,1996-05-14,2017-08-05,N,5,Manufacturing
208,30,4,Thomas Bradley,thomas_bradley@mockorg.com,1966-12-21,1998-05-22,N,5,Manufacturing
209,30,4,Dennis Hart,dennis_hart@mockorg.com,1976-03-01,2024-03-17,N,5,Manufacturing
210,30,4,Joseph Marshall,joseph_marshall@mockorg.com,2006-09-15,1996-07-01,N,5,Manufacturing
211,30,4,Robert Smith,robert_smith@mockorg.com,1991-08-31,2009-10-27,N,5,Manufacturing
212,30,4,Christopher Turner,christopher_turner@mockorg.com,1976-10-04,2007-02-18,N,5,Manufacturing
213,30,4,Michael James,michael_james@mockorg.com,1978-12-20,1994-11-23,N,5,Manufacturing
214,30,4,Hector Campbell,hector_campbell@mockorg.com,1964-01-23,2014-07-16,N,5,Manufacturing
215,30,4,Stephen Levine,stephen_levine@mockorg.com,1983-12-14,2013-05-04,N,5,Manufacturing
216,31,4,Melissa Fischer,melissa_fischer@mockorg.com,2001-10-01,2012-03-04,N,5,Manufacturing
217,31,4,Brian Salinas,brian_salinas@mockorg.com,2000-03-31,1998-06-04,N,5,Manufacturing
218,31,4,Katherine Flores,katherine_flores@mockorg.com,1995-12-04,1998-10-04,N,5,Manufacturing
219,31,4,Christopher Smith,christopher_smith@mockorg.com,1988-11-27,2005-04-12,N,5,Manufacturing
220,31,4,Cameron Merritt,cameron_merritt@mockorg.com,2003-04-11,2016-01-31,N,5,Manufacturing
221,32,4,Craig Cameron,craig_cameron@mockorg.com,1995-08-06,1998-07-20,N,5,Manufacturing
222,32,4,Kayla Valencia,kayla_valencia@mockorg.com,2002-09-13,2007-10-23,N,5,Manufacturing
223,32,4,Alexander Deleon,alexander_deleon@mockorg.com,1969-07-03,2015-09-17,N,5,Manufacturing
224,32,4,Kevin Molina,kevin_molina@mockorg.com,1994-03-26,1999-08-18,N,5,Manufacturing
225,32,4,Charles Cannon,charles_cannon@mockorg.com,2004-11-02,1994-12-06,N,5,Manufacturing
226,33,4,Jill Nelson,jill_nelson@mockorg.com,1986-07-31,2020-07-26,N,5,Manufacturing
227,33,4,Michael Allen,michael_allen@mockorg.com,1963-12-28,2004-04-24,N,5,Manufacturing
228,33,4,Albert Taylor,albert_taylor@mockorg.com,2005-12-07,2011-10-14,N,5,Manufacturing
229,33,4,Tonya Parker,tonya_parker@mockorg.com,1964-04-21,2000-09-03,N,5,Manufacturing
230,33,4,Maria Payne,maria_payne@mockorg.com,1983-01-17,2010-06-04,N,5,Manufacturing
231,33,4,Steven Carrillo,steven_carrillo@mockorg.com,1999-12-14,2011-08-21,N,5,Manufacturing
232,33,4,Christopher White,christopher_white@mockorg.com,1985-03-27,2006-09-30,N,5,Manufacturing
233,33,4,Lisa Moore,lisa_moore@mockorg.com,1967-07-24,2023-10-31,N,5,Manufacturing
234,33,4,Jillian Gordon,jillian_gordon@mockorg.com,1967-03-25,2014-06-26,N,5,Manufacturing
235,34,4,Laura Hardy,laura_hardy@mockorg.com,1998-02-12,2017-02-01,N,5,Manufacturing
236,34,4,Taylor Hopkins,taylor_hopkins@mockorg.com,1983-06-08,2023-07-27,N,5,Manufacturing
237,34,4,Karen Sullivan,karen_sullivan@mockorg.com,1985-12-25,2015-09-26,N,5,Manufacturing
238,34,4,Melanie Jones,melanie_jones@mockorg.com,1997-09-21,2006-07-17,N,5,Manufacturing
239,34,4,Robert Kelly,robert_kelly@mockorg.com,1985-07-19,2008-11-21,N,5,Manufacturing
240,34,4,Jessica Holder,jessica_holder@mockorg.com,1980-10-05,2002-05-15,N,5,Manufacturing
241,34,4,Christina Sloan,christina_sloan@mockorg.com,2006-08-28,1995-07-13,N,5,Manufacturing
242,34,4,Jesse Cole,jesse_cole@mockorg.com,1976-06-17,2000-05-08,N,5,Manufacturing
243,34,4,Robert Houston,robert_houston@mockorg.com,1964-07-03,2011-08-15,N,5,Manufacturing
244,35,4,Jennifer Hawkins,jennifer_hawkins@mockorg.com,1987-01-08,2010-07-10,N,5,Manufacturing
245,35,4,John Wells,john_wells@mockorg.com,1977-01-17,1994-10-22,N,5,Manufacturing
246,35,4,Timothy Ballard,timothy_ballard@mockorg.com,1995-05-23,2007-12-04,N,5,Manufacturing
247,35,4,Terry Scott,terry_scott@mockorg.com,1966-04-26,2016-01-01,N,5,Manufacturing
248,35,4,Ashley Mcintosh,ashley_mcintosh@mockorg.com,1974-09-10,1994-05-05,N,5,Manufacturing
249,35,4,Michael Moss,michael_moss@mockorg.com,1991-01-25,2010-02-02,N,5,Manufacturing
250,35,4,Matthew Johnson,matthew_johnson@mockorg.com,1975-10-06,2000-06-08,N,5,Manufacturing
251,35,4,Desiree Townsend,desiree_townsend@mockorg.com,1996-07-18,1992-09-02,N,5,Manufacturing
252,35,4,Jennifer Wilkerson,jennifer_wilkerson@mockorg.com,1986-10-04,1997-01-27,N,5,Manufacturing
253,36,4,Rhonda Ramirez,rhonda_ramirez@mockorg.com,1995-11-18,1990-10-09,N,5,Manufacturing
254,36,4,Joseph Barber,joseph_barber@mockorg.com,1984-12-10,2010-08-12,N,5,Manufacturing
255,36,4,Diana Castillo,diana_castillo@mockorg.com,1975-11-03,2018-05-29,N,5,Manufacturing
256,36,4,Derek Taylor,derek_taylor@mockorg.com,1973-06-09,2007-10-03,N,5,Manufacturing
257,36,4,Ashley Franklin,ashley_franklin@mockorg.com,1982-12-29,2010-06-05,N,5,Manufacturing
258,36,4,Jeffrey Chandler,jeffrey_chandler@mockorg.com,1998-01-24,1998-05-05,N,5,Manufacturing
259,36,4,John Ramos,john_ramos@mockorg.com,1975-10-14,1998-09-29,N,5,Manufacturing
260,37,4,Brandon Blackwell,brandon_blackwell@mockorg.com,1979-06-21,2011-04-28,N,5,Manufacturing
261,37,4,Jane Farrell,jane_farrell@mockorg.com,1995-01-30,2012-12-22,N,5,Manufacturing
262,37,4,Tara French,tara_french@mockorg.com,1994-07-24,2010-12-30,N,5,Manufacturing
263,37,4,Shawn Porter,shawn_porter@mockorg.com,1997-11-02,2009-07-17,N,5,Manufacturing
264,37,4,Benjamin Rogers,benjamin_rogers@mockorg.com,1983-10-25,2013-10-29,N,5,Manufacturing
265,37,4,Steven Sharp,steven_sharp@mockorg.com,1972-03-12,2000-02-21,N,5,Manufacturing
266,37,4,Wendy Banks,wendy_banks@mockorg.com,1982-12-04,2015-07-23,N,5,Manufacturing
267,37,4,Alison Carter,alison_carter@mockorg.com,1967-10-02,2010-08-27,N,5,Manufacturing
268,37,4,Jennifer Olson,jennifer_olson@mockorg.com,1992-03-15,2014-01-11,N,5,Manufacturing
6,1,2,Samantha Leon,samantha_leon@mockorg.com,1991-07-27,2004-12-18,Y,6,Sales
38,6,3,James Brown,james_brown@mockorg.com,2004-06-09,2021-01-20,Y,6,Sales
39,6,3,Marcus Johnson,marcus_johnson@mockorg.com,1980-02-24,2010-09-17,Y,6,Sales
40,6,3,Bruce Castillo,bruce_castillo@mockorg.com,1974-07-05,2011-10-12,Y,6,Sales
41,6,3,Kirsten Atkins,kirsten_atkins@mockorg.com,1997-12-09,1994-03-24,Y,6,Sales
42,6,3,Mary Ferguson,mary_ferguson@mockorg.com,1984-04-13,2018-02-10,Y,6,Sales
43,6,3,Michael Hughes,michael_hughes@mockorg.com,1987-12-23,2011-01-16,Y,6,Sales
44,6,3,Leslie Johnson,leslie_johnson@mockorg.com,1973-04-07,2003-05-10,Y,6,Sales
45,6,3,Jake Collins,jake_collins@mockorg.com,1977-02-17,2006-06-28,Y,6,Sales
46,6,3,Brian Villanueva,brian_villanueva@mockorg.com,1992-04-03,2017-12-19,Y,6,Sales
269,38,4,Thomas Watts,thomas_watts@mockorg.com,1984-09-20,2020-07-31,N,6,Sales
270,38,4,Desiree Kaiser,desiree_kaiser@mockorg.com,1965-10-16,2015-03-22,N,6,Sales
271,38,4,Justin Snyder,justin_snyder@mockorg.com,2003-09-06,2013-10-26,N,6,Sales
272,38,4,Lisa Pena,lisa_pena@mockorg.com,2002-03-26,1995-11-09,N,6,Sales
273,38,4,Thomas Miller,thomas_miller@mockorg.com,1999-03-17,2017-05-13,N,6,Sales
274,38,4,Cheryl Thomas,cheryl_thomas@mockorg.com,1977-07-04,1990-03-08,N,6,Sales
275,38,4,Sophia Williams,sophia_williams@mockorg.com,1968-12-23,2000-08-31,N,6,Sales
276,38,4,Debbie Cochran,debbie_cochran@mockorg.com,1979-08-02,2006-11-24,N,6,Sales
277,39,4,Nicole Morales,nicole_morales@mockorg.com,1989-08-26,1991-01-17,N,6,Sales
278,39,4,Peter Moore,peter_moore@mockorg.com,1990-11-29,2009-05-08,N,6,Sales
279,39,4,Stacie Ward,stacie_ward@mockorg.com,1969-03-12,2004-10-09,N,6,Sales
280,39,4,David Long,david_long@mockorg.com,1995-05-27,2007-07-08,N,6,Sales
281,39,4,Leslie Marquez,leslie_marquez@mockorg.com,1982-04-07,1990-03-19,N,6,Sales
282,39,4,Judith Cruz,judith_cruz@mockorg.com,1989-01-30,2012-10-31,N,6,Sales
283,40,4,Jessica Flores,jessica_flores@mockorg.com,1984-03-11,1994-03-04,N,6,Sales
284,40,4,Heather Pace,heather_pace@mockorg.com,1996-05-20,1996-06-24,N,6,Sales
285,40,4,Andrew Mccoy,andrew_mccoy@mockorg.com,2006-07-22,1996-10-19,N,6,Sales
286,40,4,Christina Buchanan,christina_buchanan@mockorg.com,1984-09-11,1993-11-10,N,6,Sales
287,40,4,Erika Bailey,erika_bailey@mockorg.com,1994-07-24,2023-03-22,N,6,Sales
288,40,4,Caleb Phillips,caleb_phillips@mockorg.com,1964-05-08,2022-06-28,N,6,Sales
289,40,4,Jared Bright,jared_bright@mockorg.com,2005-10-05,2017-03-08,N,6,Sales
290,40,4,Beth Richard,beth_richard@mockorg.com,1984-04-10,2007-12-08,N,6,Sales
291,41,4,Lynn Washington,lynn_washington@mockorg.com,1995-06-15,2000-09-07,N,6,Sales
292,41,4,Vincent Andrews,vincent_andrews@mockorg.com,1964-01-28,2010-10-24,N,6,Sales
293,41,4,Catherine Parker,catherine_parker@mockorg.com,2001-07-15,2013-07-16,N,6,Sales
294,41,4,Cassandra Bell,cassandra_bell@mockorg.com,1999-05-30,1998-04-24,N,6,Sales
295,41,4,Jennifer Willis,jennifer_willis@mockorg.com,1985-08-10,2018-11-08,N,6,Sales
296,41,4,Mary Hatfield,mary_hatfield@mockorg.com,1970-06-02,1996-01-03,N,6,Sales
297,41,4,Thomas Wells,thomas_wells@mockorg.com,1974-10-24,2016-12-08,N,6,Sales
298,41,4,Scott Hess,scott_hess@mockorg.com,1997-04-15,2024-03-19,N,6,Sales
299,42,4,John Johnson,john_johnson@mockorg.com,1992-02-11,1998-06-10,N,6,Sales
300,42,4,Jennifer Thompson,jennifer_thompson@mockorg.com,2004-05-23,2008-11-21,N,6,Sales
301,42,4,Miss Stephanie Henderson,miss_stephanie_henderson@mockorg.com,2000-11-26,1998-12-16,N,6,Sales
302,42,4,Donna Torres,donna_torres@mockorg.com,1979-09-02,1999-04-30,N,6,Sales
303,42,4,Rachel Curry,rachel_curry@mockorg.com,1992-11-12,2023-06-19,N,6,Sales
304,43,4,Daniel Brown,daniel_brown@mockorg.com,1997-08-15,2003-11-25,N,6,Sales
305,43,4,Brian Williamson,brian_williamson@mockorg.com,1987-07-03,2022-10-10,N,6,Sales
306,43,4,Roger Hart,roger_hart@mockorg.com,2002-01-10,2004-01-12,N,6,Sales
307,43,4,Reginald Perkins,reginald_perkins@mockorg.com,1993-01-19,2004-08-18,N,6,Sales
308,43,4,Maria Lee,maria_lee@mockorg.com,1971-09-05,1991-03-01,N,6,Sales
309,44,4,Jeffery Perez,jeffery_perez@mockorg.com,2002-06-24,1992-10-27,N,6,Sales
310,44,4,Christina Williams,christina_williams@mockorg.com,2002-11-08,2024-01-09,N,6,Sales
311,44,4,Amber Morrow,amber_morrow@mockorg.com,1970-10-08,1996-08-22,N,6,Sales
312,44,4,Andrea Hogan,andrea_hogan@mockorg.com,1965-02-07,2013-10-23,N,6,Sales
313,44,4,Eric Hicks,eric_hicks@mockorg.com,2000-03-21,2020-07-01,N,6,Sales
314,44,4,Deanna Mckee,deanna_mckee@mockorg.com,1993-09-20,1999-12-16,N,6,Sales
315,44,4,Matthew Fisher,matthew_fisher@mockorg.com,1990-09-03,2018-06-24,N,6,Sales
316,44,4,Kimberly Mendez,kimberly_mendez@mockorg.com,1989-08-28,2020-12-22,N,6,Sales
317,45,4,Carl Salas,carl_salas@mockorg.com,1982-08-21,2010-05-05,N,6,Sales
318,45,4,Joshua Hayes,joshua_hayes@mockorg.com,1965-09-17,2011-01-23,N,6,Sales
319,45,4,Jordan Rogers,jordan_rogers@mockorg.com,2006-04-16,1996-08-23,N,6,Sales
320,45,4,Leslie Meyer,leslie_meyer@mockorg.com,1982-09-01,1998-12-30,N,6,Sales
321,45,4,Raymond Anderson,raymond_anderson@mockorg.com,1978-04-10,2024-05-03,N,6,Sales
322,45,4,Alyssa Stephens,alyssa_stephens@mockorg.com,2001-05-29,2006-09-08,N,6,Sales
323,45,4,Mark Fitzpatrick,mark_fitzpatrick@mockorg.com,1996-11-06,1994-12-12,N,6,Sales
324,46,4,Linda Rose,linda_rose@mockorg.com,1993-06-03,2006-06-07,N,6,Sales
325,46,4,Mitchell Simon,mitchell_simon@mockorg.com,1967-02-16,1996-06-11,N,6,Sales
326,46,4,Erin Brown,erin_brown@mockorg.com,1972-07-04,2009-01-03,N,6,Sales
327,46,4,Donna Melton,donna_melton@mockorg.com,2000-08-11,2006-04-29,N,6,Sales
328,46,4,Ashley Cook,ashley_cook@mockorg.com,1973-09-18,2014-11-17,N,6,Sales
7,1,2,Derek Conrad,derek_conrad@mockorg.com,1994-01-07,1993-09-05,Y,7,Utilities
47,7,3,Steve Jordan,steve_jordan@mockorg.com,1984-04-15,1990-10-08,Y,7,Utilities
48,7,3,Mark Gallagher,mark_gallagher@mockorg.com,1977-01-20,2018-05-26,Y,7,Utilities
49,7,3,Amanda Sanchez,amanda_sanchez@mockorg.com,2006-08-28,2008-02-05,Y,7,Utilities
50,7,3,Michael Wood,michael_wood@mockorg.com,1968-02-05,2022-06-27,Y,7,Utilities
51,7,3,Michael Rogers,michael_rogers@mockorg.com,2002-05-19,2010-11-21,Y,7,Utilities
52,7,3,Douglas Frost,douglas_frost@mockorg.com,1991-07-31,2023-12-16,Y,7,Utilities
53,7,3,Jeffrey Vazquez,jeffrey_vazquez@mockorg.com,2005-12-29,2016-08-21,Y,7,Utilities
329,47,4,Courtney Herrera,courtney_herrera@mockorg.com,1966-03-25,2022-07-24,N,7,Utilities
330,47,4,Anna Bell,anna_bell@mockorg.com,2001-04-12,1990-03-06,N,7,Utilities
331,47,4,Amy Harper,amy_harper@mockorg.com,1998-09-26,1990-02-21,N,7,Utilities
332,47,4,Marc Bishop,marc_bishop@mockorg.com,1997-06-21,2000-01-14,N,7,Utilities
333,47,4,Jessica Fitzgerald,jessica_fitzgerald@mockorg.com,1967-02-05,2016-08-04,N,7,Utilities
334,47,4,James Shea,james_shea@mockorg.com,2004-11-08,1993-01-29,N,7,Utilities
335,47,4,Wayne Henry,wayne_henry@mockorg.com,1989-03-03,2011-04-04,N,7,Utilities
336,48,4,Molly Morgan,molly_morgan@mockorg.com,1967-09-17,2000-01-28,N,7,Utilities
337,48,4,Christopher Carter,christopher_carter@mockorg.com,1996-08-08,2003-10-21,N,7,Utilities
338,48,4,Mr. Gary Roberts,mr._gary_roberts@mockorg.com,1968-06-22,1996-11-11,N,7,Utilities
339,48,4,Scott Castro,scott_castro@mockorg.com,2003-02-26,2024-08-24,N,7,Utilities
340,48,4,Vickie Burnett,vickie_burnett@mockorg.com,1998-04-19,2004-10-17,N,7,Utilities
341,48,4,Emily Payne,emily_payne@mockorg.com,1985-12-09,2019-11-04,N,7,Utilities
342,48,4,Danielle Byrd,danielle_byrd@mockorg.com,1972-12-04,2015-09-29,N,7,Utilities
343,48,4,Anita Simmons,anita_simmons@mockorg.com,1975-05-06,2000-12-01,N,7,Utilities
344,48,4,Andrea Campos,andrea_campos@mockorg.com,1971-03-04,2012-08-08,N,7,Utilities
345,49,4,Carolyn Perkins,carolyn_perkins@mockorg.com,1993-08-18,2023-03-20,N,7,Utilities
346,49,4,Whitney Benitez MD,whitney_benitez_md@mockorg.com,1980-05-13,2010-09-20,N,7,Utilities
347,49,4,John Rodriguez,john_rodriguez@mockorg.com,1978-11-05,1994-11-10,N,7,Utilities
348,49,4,Brianna Hill,brianna_hill@mockorg.com,1965-04-06,2023-06-19,N,7,Utilities
349,49,4,Amanda Garcia DDS,amanda_garcia_dds@mockorg.com,1975-03-10,2016-05-04,N,7,Utilities
350,50,4,Dominique Hill,dominique_hill@mockorg.com,2001-10-07,2015-12-18,N,7,Utilities
351,50,4,Amanda Walton,amanda_walton@mockorg.com,1980-12-02,2016-06-23,N,7,Utilities
352,50,4,Benjamin Barr,benjamin_barr@mockorg.com,1969-09-04,1991-06-04,N,7,Utilities
353,50,4,Christine Hernandez,christine_hernandez@mockorg.com,1995-04-02,1997-01-11,N,7,Utilities
354,50,4,Christina Carrillo,christina_carrillo@mockorg.com,1971-08-30,2016-07-22,N,7,Utilities
355,50,4,Felicia Golden,felicia_golden@mockorg.com,1978-02-07,1994-08-29,N,7,Utilities
356,50,4,Charlotte Mercado,charlotte_mercado@mockorg.com,1988-03-22,2018-02-11,N,7,Utilities
357,50,4,Emily Stanley,emily_stanley@mockorg.com,2005-06-16,2009-09-26,N,7,Utilities
358,51,4,Daniel Middleton,daniel_middleton@mockorg.com,1992-01-02,2024-02-08,N,7,Utilities
359,51,4,Elizabeth Stevens,elizabeth_stevens@mockorg.com,1996-11-17,1990-08-07,N,7,Utilities
360,51,4,Jacqueline Brown,jacqueline_brown@mockorg.com,1997-07-03,2017-02-28,N,7,Utilities
361,51,4,William Taylor,william_taylor@mockorg.com,2003-01-03,2005-06-05,N,7,Utilities
362,51,4,Scott Clark,scott_clark@mockorg.com,1965-08-15,2020-09-09,N,7,Utilities
363,51,4,Thomas Johnson,thomas_johnson@mockorg.com,1988-02-23,1998-01-08,N,7,Utilities
364,52,4,Christopher Brooks,christopher_brooks@mockorg.com,1975-09-30,2006-09-22,N,7,Utilities
365,52,4,Samantha Bradshaw,samantha_bradshaw@mockorg.com,1983-05-20,2017-08-17,N,7,Utilities
366,52,4,Kara Diaz,kara_diaz@mockorg.com,1978-03-11,2019-10-20,N,7,Utilities
367,52,4,Thomas Jones,thomas_jones@mockorg.com,1998-09-21,1996-07-18,N,7,Utilities
368,52,4,Ashley Ramsey,ashley_ramsey@mockorg.com,2005-07-02,1994-07-16,N,7,Utilities
369,52,4,Lisa Powell,lisa_powell@mockorg.com,1969-12-13,1999-10-13,N,7,Utilities
370,52,4,Casey Olson,casey_olson@mockorg.com,1991-02-21,1998-07-21,N,7,Utilities
371,53,4,Kathryn Sanchez,kathryn_sanchez@mockorg.com,1986-09-10,2014-10-15,N,7,Utilities
372,53,4,Tiffany Robertson,tiffany_robertson@mockorg.com,1995-03-09,2022-12-16,N,7,Utilities
373,53,4,Timothy Randall,timothy_randall@mockorg.com,1987-10-29,2020-07-26,N,7,Utilities
374,53,4,Heather Gay MD,heather_gay_md@mockorg.com,1973-07-14,2008-02-21,N,7,Utilities
375,53,4,Jason Shelton,jason_shelton@mockorg.com,1994-09-13,1993-06-29,N,7,Utilities
376,53,4,Lauren Christian,lauren_christian@mockorg.com,1991-08-22,2015-09-23,N,7,Utilities
377,53,4,Robin Middleton,robin_middleton@mockorg.com,2006-01-05,1993-06-09,N,7,Utilities
378,53,4,Jean Johns,jean_johns@mockorg.com,1996-03-27,1996-04-27,N,7,Utilities
379,53,4,Lisa Torres,lisa_torres@mockorg.com,1978-11-04,2004-10-27,N,7,Utilities
8,1,2,Denise Schwartz,denise_schwartz@mockorg.com,1983-09-11,1999-05-18,Y,8,Marketing
54,8,3,Theodore Campos,theodore_campos@mockorg.com,1978-01-19,2003-01-05,Y,8,Marketing
55,8,3,Yvonne Santos,yvonne_santos@mockorg.com,1981-07-14,2013-06-12,Y,8,Marketing
56,8,3,Joshua Williamson,joshua_williamson@mockorg.com,1996-01-13,2021-12-05,Y,8,Marketing
57,8,3,Martin Castillo,martin_castillo@mockorg.com,1975-09-01,2007-03-26,Y,8,Marketing
58,8,3,Curtis Villanueva,curtis_villanueva@mockorg.com,1990-03-23,1993-01-15,Y,8,Marketing
59,8,3,Benjamin Richardson,benjamin_richardson@mockorg.com,1979-09-14,1991-12-20,Y,8,Marketing
380,54,4,Ryan Bryant,ryan_bryant@mockorg.com,2002-06-09,1995-12-06,N,8,Marketing
381,54,4,Elizabeth Mann,elizabeth_mann@mockorg.com,1985-10-15,2023-12-14,N,8,Marketing
382,54,4,Katrina Molina,katrina_molina@mockorg.com,1965-05-11,1992-12-16,N,8,Marketing
383,54,4,Tyler Powell,tyler_powell@mockorg.com,1966-03-25,1992-01-29,N,8,Marketing
384,54,4,Lindsay Carter,lindsay_carter@mockorg.com,1993-05-27,2002-04-17,N,8,Marketing
385,54,4,Robert Graham,robert_graham@mockorg.com,1981-12-19,2021-01-06,N,8,Marketing
386,55,4,Eric Long,eric_long@mockorg.com,1997-03-08,2007-12-08,N,8,Marketing
387,55,4,Julie Anderson,julie_anderson@mockorg.com,1988-02-18,2016-03-08,N,8,Marketing
388,55,4,Victoria Watson,victoria_watson@mockorg.com,1997-12-05,2009-08-15,N,8,Marketing
389,55,4,Christopher Williams,christopher_williams@mockorg.com,1992-10-26,2008-10-29,N,8,Marketing
390,55,4,Andre Tran MD,andre_tran_md@mockorg.com,1966-04-28,2005-08-16,N,8,Marketing
391,56,4,Garrett Vasquez,garrett_vasquez@mockorg.com,1991-10-30,2005-04-02,N,8,Marketing
392,56,4,Christina Boyd,christina_boyd@mockorg.com,2002-03-10,2007-06-16,N,8,Marketing
393,56,4,Kevin Santos,kevin_santos@mockorg.com,1970-02-05,2003-09-26,N,8,Marketing
394,56,4,Nicole Brown,nicole_brown@mockorg.com,2004-10-15,1995-02-22,N,8,Marketing
395,56,4,Melinda Clark,melinda_clark@mockorg.com,1977-10-29,2008-10-17,N,8,Marketing
396,56,4,Jerry Carroll,jerry_carroll@mockorg.com,1972-04-02,2010-04-25,N,8,Marketing
397,56,4,Alan Contreras,alan_contreras@mockorg.com,1971-08-23,1998-01-25,N,8,Marketing
398,56,4,Kathryn Palmer,kathryn_palmer@mockorg.com,1965-05-21,2004-01-22,N,8,Marketing
399,56,4,Melanie Bennett,melanie_bennett@mockorg.com,2001-12-01,2007-01-05,N,8,Marketing
400,57,4,Joshua Shannon,joshua_shannon@mockorg.com,1972-06-03,2012-02-08,N,8,Marketing
401,57,4,Shelly Rojas,shelly_rojas@mockorg.com,1997-06-04,1991-07-18,N,8,Marketing
402,57,4,Jacob Ali,jacob_ali@mockorg.com,1965-07-18,2016-07-22,N,8,Marketing
403,57,4,Cory Patrick,cory_patrick@mockorg.com,1999-09-22,2005-08-04,N,8,Marketing
404,57,4,Jennifer Brown,jennifer_brown@mockorg.com,2006-08-08,1994-06-19,N,8,Marketing
405,58,4,Amanda Martin,amanda_martin@mockorg.com,1975-06-04,2011-10-17,N,8,Marketing
406,58,4,Tiffany Wilson,tiffany_wilson@mockorg.com,1993-08-11,1992-09-26,N,8,Marketing
407,58,4,Janet Fields,janet_fields@mockorg.com,1999-10-06,2004-08-05,N,8,Marketing
408,58,4,Heather Foster,heather_foster@mockorg.com,1968-01-30,2011-10-10,N,8,Marketing
409,58,4,Natasha Nunez,natasha_nunez@mockorg.com,1965-05-16,2021-09-13,N,8,Marketing
410,58,4,Sylvia Anderson,sylvia_anderson@mockorg.com,2000-08-30,2006-05-01,N,8,Marketing
411,58,4,Jacqueline Fields,jacqueline_fields@mockorg.com,1979-05-05,2017-11-13,N,8,Marketing
412,58,4,Alexander Moreno,alexander_moreno@mockorg.com,1998-07-27,2020-11-06,N,8,Marketing
413,58,4,Paul Price,paul_price@mockorg.com,2000-03-23,2016-12-25,N,8,Marketing
414,59,4,Alexis Hunter,alexis_hunter@mockorg.com,1995-07-28,2007-12-11,N,8,Marketing
415,59,4,Mrs. Christina Johnson,mrs._christina_johnson@mockorg.com,1969-07-23,2007-09-25,N,8,Marketing
416,59,4,Ricky Roberts,ricky_roberts@mockorg.com,1994-12-12,2014-07-28,N,8,Marketing
417,59,4,Beverly Casey,beverly_casey@mockorg.com,2000-11-07,2017-05-11,N,8,Marketing
418,59,4,Jason Olsen,jason_olsen@mockorg.com,2000-04-26,2012-12-29,N,8,Marketing
419,59,4,Zachary Carlson,zachary_carlson@mockorg.com,1992-08-03,2005-09-21,N,8,Marketing
9,1,2,Kent Jenkins,kent_jenkins@mockorg.com,1990-10-07,2014-03-15,Y,9,IT
60,9,3,Jeffrey Mercer,jeffrey_mercer@mockorg.com,1976-06-23,2022-01-23,Y,9,IT
61,9,3,Robert Anderson,robert_anderson@mockorg.com,1993-05-06,1995-09-22,Y,9,IT
62,9,3,Sylvia Hall,sylvia_hall@mockorg.com,2006-06-26,2014-06-20,Y,9,IT
63,9,3,Seth Simmons,seth_simmons@mockorg.com,1982-03-05,2005-09-04,Y,9,IT
64,9,3,Thomas Dawson,thomas_dawson@mockorg.com,1996-07-15,2018-06-13,Y,9,IT
65,9,3,Michael Potter,michael_potter@mockorg.com,1979-07-09,2012-09-25,Y,9,IT
66,9,3,Sherry Porter,sherry_porter@mockorg.com,1980-08-14,2011-08-27,Y,9,IT
67,9,3,Meghan Myers,meghan_myers@mockorg.com,1989-01-03,2022-09-01,Y,9,IT
420,60,4,Jessica Ponce,jessica_ponce@mockorg.com,1975-06-02,2011-07-10,N,9,IT
421,60,4,Christina Wells,christina_wells@mockorg.com,1988-06-21,2005-12-30,N,9,IT
422,60,4,Daniel Nelson,daniel_nelson@mockorg.com,1998-09-15,2014-10-14,N,9,IT
423,60,4,Julia Watson,julia_watson@mockorg.com,1978-01-27,2014-03-24,N,9,IT
424,60,4,Rebecca Davis,rebecca_davis@mockorg.com,1963-12-24,2006-03-18,N,9,IT
425,60,4,Deborah Delgado,deborah_delgado@mockorg.com,1998-11-26,1995-11-10,N,9,IT
426,60,4,Ernest Anderson,ernest_anderson@mockorg.com,1987-10-13,1990-04-07,N,9,IT
427,61,4,Diana Pham,diana_pham@mockorg.com,2001-11-07,1994-09-27,N,9,IT
428,61,4,Angela Parks,angela_parks@mockorg.com,1964-05-05,2015-04-01,N,9,IT
429,61,4,Jeffrey Jones,jeffrey_jones@mockorg.com,1998-04-30,1993-08-28,N,9,IT
430,61,4,Judith Arias,judith_arias@mockorg.com,1992-01-31,2023-03-25,N,9,IT
431,61,4,Dr. John Mays,dr._john_mays@mockorg.com,1982-07-30,2009-11-24,N,9,IT
432,61,4,Yolanda Mclaughlin,yolanda_mclaughlin@mockorg.com,2000-05-01,2009-06-15,N,9,IT
433,61,4,Mrs. Jamie Mcdaniel,mrs._jamie_mcdaniel@mockorg.com,1975-05-29,1991-03-22,N,9,IT
434,61,4,Eileen Wallace,eileen_wallace@mockorg.com,1997-12-16,1992-08-21,N,9,IT
435,62,4,Thomas Zhang,thomas_zhang@mockorg.com,1994-12-29,1995-03-09,N,9,IT
436,62,4,Melissa Ware,melissa_ware@mockorg.com,1966-04-16,2004-05-06,N,9,IT
437,62,4,Jeffrey Sheppard,jeffrey_sheppard@mockorg.com,2002-12-06,2017-05-28,N,9,IT
438,62,4,Charles Miller,charles_miller@mockorg.com,2003-03-18,2015-02-24,N,9,IT
439,62,4,Leonard Long DVM,leonard_long_dvm@mockorg.com,1974-08-11,2000-07-19,N,9,IT
440,62,4,Laura Williams,laura_williams@mockorg.com,1986-08-18,1997-10-27,N,9,IT
441,62,4,Jocelyn Bailey,jocelyn_bailey@mockorg.com,1971-06-15,2011-04-28,N,9,IT
442,62,4,Joanna Snyder,joanna_snyder@mockorg.com,1999-01-11,1997-04-23,N,9,IT
443,62,4,Travis Green,travis_green@mockorg.com,2005-10-15,2005-12-16,N,9,IT
444,63,4,Kelly Edwards,kelly_edwards@mockorg.com,1965-03-11,2005-10-01,N,9,IT
445,63,4,Shaun Elliott,shaun_elliott@mockorg.com,1972-07-25,2015-05-10,N,9,IT
446,63,4,James York,james_york@mockorg.com,1968-08-18,1995-01-26,N,9,IT
447,63,4,Luis Bender,luis_bender@mockorg.com,1990-12-13,2021-07-14,N,9,IT
448,63,4,Richard Garcia,richard_garcia@mockorg.com,1976-05-11,2008-03-03,N,9,IT
449,63,4,Latoya Wiggins,latoya_wiggins@mockorg.com,1981-04-28,2008-02-03,N,9,IT
450,63,4,Ryan Myers,ryan_myers@mockorg.com,1971-04-18,1993-07-12,N,9,IT
451,63,4,Juan Ellis,juan_ellis@mockorg.com,1995-03-09,1998-04-11,N,9,IT
452,64,4,Valerie Whitaker,valerie_whitaker@mockorg.com,1988-10-28,1993-08-31,N,9,IT
453,64,4,Diane Fleming,diane_fleming@mockorg.com,2001-03-15,2007-07-27,N,9,IT
454,64,4,Hector Mills,hector_mills@mockorg.com,1994-04-21,2001-12-07,N,9,IT
455,64,4,Linda Cook,linda_cook@mockorg.com,1976-11-26,1999-08-05,N,9,IT
456,64,4,Travis Chan,travis_chan@mockorg.com,1977-04-14,1996-04-28,N,9,IT
457,64,4,Howard Floyd,howard_floyd@mockorg.com,1982-05-17,1994-11-30,N,9,IT
458,64,4,Kyle Berg,kyle_berg@mockorg.com,1989-12-31,1993-06-04,N,9,IT
459,64,4,Frederick David,frederick_david@mockorg.com,2000-03-17,2002-11-12,N,9,IT
460,65,4,Kim Thomas,kim_thomas@mockorg.com,1970-03-27,1994-06-30,N,9,IT
461,65,4,Charles Russell,charles_russell@mockorg.com,2006-06-13,2024-04-03,N,9,IT
462,65,4,Daniel Russell DDS,daniel_russell_dds@mockorg.com,2003-02-03,2022-04-22,N,9,IT
463,65,4,Randy Rodriguez,randy_rodriguez@mockorg.com,1993-07-19,1990-09-21,N,9,IT
464,65,4,Megan Garza,megan_garza@mockorg.com,1983-07-20,2006-09-29,N,9,IT
465,65,4,Natalie Ray,natalie_ray@mockorg.com,1968-07-22,1992-01-11,N,9,IT
466,65,4,Kristine Evans,kristine_evans@mockorg.com,1998-12-13,2023-02-02,N,9,IT
467,65,4,Mrs. Michele Sanders DDS,mrs._michele_sanders_dds@mockorg.com,2006-09-20,1996-04-16,N,9,IT
468,66,4,Caitlin Mcmillan,caitlin_mcmillan@mockorg.com,1980-02-05,2008-06-10,N,9,IT
469,66,4,Joshua Hudson,joshua_hudson@mockorg.com,2006-06-28,2011-04-11,N,9,IT
470,66,4,Brittney Grant,brittney_grant@mockorg.com,1984-12-07,1997-04-01,N,9,IT
471,66,4,Lisa Ward,lisa_ward@mockorg.com,1970-08-17,1998-11-09,N,9,IT
472,66,4,Christine Melton,christine_melton@mockorg.com,1979-07-16,2010-01-12,N,9,IT
473,67,4,April Cox,april_cox@mockorg.com,1978-08-09,2024-04-07,N,9,IT
474,67,4,Ashley Myers,ashley_myers@mockorg.com,1971-12-11,2020-02-20,N,9,IT
475,67,4,Alexandria Long,alexandria_long@mockorg.com,1999-03-19,1995-07-22,N,9,IT
476,67,4,Jason Stevens,jason_stevens@mockorg.com,2004-06-25,2004-09-25,N,9,IT
477,67,4,Sherri Mccarthy,sherri_mccarthy@mockorg.com,1988-03-20,2004-01-24,N,9,IT
10,1,2,Sarah Garrett,sarah_garrett@mockorg.com,2005-06-21,2007-04-03,Y,10,Quality
68,10,3,Nancy White,nancy_white@mockorg.com,1984-05-13,2008-03-19,Y,10,Quality
69,10,3,Justin Davis,justin_davis@mockorg.com,1969-12-20,2002-11-18,Y,10,Quality
70,10,3,Stacy Ramirez,stacy_ramirez@mockorg.com,2002-08-30,2022-05-23,Y,10,Quality
71,10,3,James Wright,james_wright@mockorg.com,1969-04-08,2017-05-24,Y,10,Quality
72,10,3,Christopher Ingram,christopher_ingram@mockorg.com,1995-03-29,1998-09-06,Y,10,Quality
73,10,3,Shannon Ryan,shannon_ryan@mockorg.com,1998-06-21,2001-05-25,Y,10,Quality
74,10,3,Rachel Carson,rachel_carson@mockorg.com,1987-04-10,2001-04-13,Y,10,Quality
75,10,3,Sandra Diaz,sandra_diaz@mockorg.com,1996-01-04,2008-12-06,Y,10,Quality
76,10,3,Michelle Thornton,michelle_thornton@mockorg.com,1982-07-19,2023-11-21,Y,10,Quality
478,68,4,Meagan Taylor,meagan_taylor@mockorg.com,1983-01-26,1997-07-08,N,10,Quality
479,68,4,Holly Lynch,holly_lynch@mockorg.com,1990-04-03,2024-02-06,N,10,Quality
480,68,4,Daniel Villegas,daniel_villegas@mockorg.com,1980-05-05,1990-05-27,N,10,Quality
481,68,4,Linda Gonzalez,linda_gonzalez@mockorg.com,1987-08-07,1990-10-01,N,10,Quality
482,68,4,Gregory Young II,gregory_young_ii@mockorg.com,1973-09-02,2017-03-25,N,10,Quality
483,68,4,James Marshall,james_marshall@mockorg.com,1971-11-17,1990-09-20,N,10,Quality
484,68,4,Christopher Martinez,christopher_martinez@mockorg.com,1964-05-16,1990-06-01,N,10,Quality
485,68,4,David Smith,david_smith@mockorg.com,1984-05-09,1997-11-27,N,10,Quality
486,69,4,Laura Thomas,laura_thomas@mockorg.com,1970-12-25,2024-03-04,N,10,Quality
487,69,4,Joseph Brown,joseph_brown@mockorg.com,1972-08-17,1991-02-24,N,10,Quality
488,69,4,Angela Garcia,angela_garcia@mockorg.com,2000-05-14,1990-10-28,N,10,Quality
489,69,4,Sarah Hunt,sarah_hunt@mockorg.com,2001-10-18,2017-04-27,N,10,Quality
490,69,4,Lance Coleman,lance_coleman@mockorg.com,1988-11-10,2023-09-14,N,10,Quality
491,70,4,Jill Martin,jill_martin@mockorg.com,2006-09-17,2019-02-20,N,10,Quality
492,70,4,Crystal Rose,crystal_rose@mockorg.com,1981-03-13,1994-01-06,N,10,Quality
493,70,4,Sarah Lopez,sarah_lopez@mockorg.com,1977-07-22,1997-06-10,N,10,Quality
494,70,4,Jason Flores,jason_flores@mockorg.com,1977-07-18,2017-11-05,N,10,Quality
495,70,4,Natasha Norris,natasha_norris@mockorg.com,1990-02-27,1992-02-08,N,10,Quality
496,71,4,Christian Velez,christian_velez@mockorg.com,1984-04-28,1993-05-23,N,10,Quality
497,71,4,Lucas Cox,lucas_cox@mockorg.com,1969-10-07,2017-03-04,N,10,Quality
498,71,4,Michelle Morgan,michelle_morgan@mockorg.com,2001-10-24,2011-02-19,N,10,Quality
499,71,4,Sheena Butler,sheena_butler@mockorg.com,1983-01-15,2003-10-27,N,10,Quality
500,71,4,Mary Williams,mary_williams@mockorg.com,1983-11-01,2008-04-24,N,10,Quality
501,71,4,Paul Brown,paul_brown@mockorg.com,1965-03-14,2017-04-16,N,10,Quality
502,71,4,Jeffrey White,jeffrey_white@mockorg.com,1978-07-22,2024-09-20,N,10,Quality
503,72,4,Donald Kaufman,donald_kaufman@mockorg.com,1965-10-01,1992-02-08,N,10,Quality
504,72,4,Emily Henry,emily_henry@mockorg.com,1990-07-08,2020-06-20,N,10,Quality
505,72,4,Evelyn Patrick,evelyn_patrick@mockorg.com,2005-06-17,2021-05-14,N,10,Quality
506,72,4,Amanda Wilson,amanda_wilson@mockorg.com,2003-05-12,1990-04-03,N,10,Quality
507,72,4,Ryan Williams,ryan_williams@mockorg.com,1983-08-23,2012-06-22,N,10,Quality
508,73,4,Anne Mcdonald,anne_mcdonald@mockorg.com,1978-04-20,1999-04-08,N,10,Quality
509,73,4,John Salas,john_salas@mockorg.com,1981-07-11,2002-03-04,N,10,Quality
510,73,4,Molly Nguyen,molly_nguyen@mockorg.com,1976-07-17,2018-08-09,N,10,Quality
511,73,4,Deborah Owen,deborah_owen@mockorg.com,1996-09-23,1995-09-20,N,10,Quality
512,73,4,Nicholas Smith,nicholas_smith@mockorg.com,1983-04-01,2004-12-24,N,10,Quality
513,73,4,Haley West,haley_west@mockorg.com,1964-05-29,2002-08-31,N,10,Quality
514,73,4,Chad Fuller,chad_fuller@mockorg.com,1994-07-23,2005-08-04,N,10,Quality
515,74,4,Joy Willis,joy_willis@mockorg.com,2004-11-01,1999-03-18,N,10,Quality
516,74,4,Brittany Russo,brittany_russo@mockorg.com,1967-09-22,2001-08-11,N,10,Quality
517,74,4,Bernard Graham,bernard_graham@mockorg.com,1979-05-14,2018-05-12,N,10,Quality
518,74,4,Marcus Garcia,marcus_garcia@mockorg.com,1975-02-12,1994-10-06,N,10,Quality
519,74,4,Carlos Brooks,carlos_brooks@mockorg.com,2005-02-01,2001-11-03,N,10,Quality
520,74,4,Carly Henderson,carly_henderson@mockorg.com,1988-05-09,2008-12-21,N,10,Quality
521,74,4,Mark Hamilton,mark_hamilton@mockorg.com,1990-05-21,2021-01-01,N,10,Quality
522,74,4,Jennifer Steele,jennifer_steele@mockorg.com,1991-12-22,1994-11-01,N,10,Quality
523,74,4,Matthew Marshall,matthew_marshall@mockorg.com,1989-07-01,1996-11-09,N,10,Quality
524,75,4,Kelly Fowler,kelly_fowler@mockorg.com,1972-07-28,1992-07-10,N,10,Quality
525,75,4,Erik Lopez,erik_lopez@mockorg.com,1978-03-23,2022-10-14,N,10,Quality
526,75,4,Kerry Johnson,kerry_johnson@mockorg.com,1969-04-04,2021-12-28,N,10,Quality
527,75,4,Elizabeth Martin,elizabeth_martin@mockorg.com,1988-03-24,2006-04-02,N,10,Quality
528,75,4,Ashley Wong,ashley_wong@mockorg.com,1982-02-10,2006-12-01,N,10,Quality
529,75,4,Jeffrey Hoffman,jeffrey_hoffman@mockorg.com,1974-11-18,2000-10-05,N,10,Quality
530,75,4,Joseph Castro,joseph_castro@mockorg.com,1969-05-27,2009-06-13,N,10,Quality
531,75,4,Greg Brooks,greg_brooks@mockorg.com,1973-09-11,2001-09-23,N,10,Quality
532,76,4,Edward Weaver Jr.,edward_weaver_jr.@mockorg.com,1965-01-19,2015-06-16,N,10,Quality
533,76,4,Cynthia Wang,cynthia_wang@mockorg.com,1983-04-12,2011-12-10,N,10,Quality
534,76,4,Jason Jones,jason_jones@mockorg.com,1981-11-06,2014-02-01,N,10,Quality
535,76,4,Edward Fox,edward_fox@mockorg.com,1991-11-17,1991-11-01,N,10,Quality
536,76,4,Claire Gutierrez,claire_gutierrez@mockorg.com,1976-10-12,1993-08-05,N,10,Quality
537,76,4,Ronald Diaz,ronald_diaz@mockorg.com,1977-07-18,2007-07-08,N,10,Quality
538,76,4,Mark Poole,mark_poole@mockorg.com,1980-09-27,2008-11-18,N,10,Quality
11,1,2,Robin Roth,robin_roth@mockorg.com,1969-04-17,2009-11-02,Y,11,Legal
77,11,3,Kellie Phillips,kellie_phillips@mockorg.com,1982-02-16,2024-04-22,Y,11,Legal
78,11,3,James Wilson,james_wilson@mockorg.com,1978-05-31,1992-04-26,Y,11,Legal
79,11,3,Jeffrey Gardner,jeffrey_gardner@mockorg.com,1968-05-29,2007-03-26,Y,11,Legal
80,11,3,Michele Nolan DDS,michele_nolan_dds@mockorg.com,1971-04-15,2005-11-01,Y,11,Legal
81,11,3,Lee Williams,lee_williams@mockorg.com,1989-10-08,2017-02-23,Y,11,Legal
82,11,3,Nathan Thomas,nathan_thomas@mockorg.com,1987-06-17,2017-03-22,Y,11,Legal
83,11,3,Rita Freeman,rita_freeman@mockorg.com,1983-01-08,2005-12-11,Y,11,Legal
84,11,3,George Harrison,george_harrison@mockorg.com,1970-07-03,1992-01-25,Y,11,Legal
539,77,4,Sarah Delgado,sarah_delgado@mockorg.com,1978-03-19,1997-04-12,N,11,Legal
540,77,4,Jessica Pineda,jessica_pineda@mockorg.com,1985-09-25,2002-04-10,N,11,Legal
541,77,4,Ryan Graves,ryan_graves@mockorg.com,1989-09-04,2021-08-29,N,11,Legal
542,77,4,Theresa Hill,theresa_hill@mockorg.com,1972-11-18,2007-05-13,N,11,Legal
543,77,4,James Mccormick,james_mccormick@mockorg.com,1971-10-11,2024-07-08,N,11,Legal
544,77,4,Brandon Reyes,brandon_reyes@mockorg.com,2000-08-22,1994-07-17,N,11,Legal
545,77,4,Johnny Jackson,johnny_jackson@mockorg.com,1994-01-04,2021-11-01,N,11,Legal
546,78,4,Sara Jackson,sara_jackson@mockorg.com,1993-02-08,2006-01-03,N,11,Legal
547,78,4,Anthony Martinez,anthony_martinez@mockorg.com,1973-05-25,2012-03-22,N,11,Legal
548,78,4,Hannah Pierce,hannah_pierce@mockorg.com,1982-08-14,1990-11-21,N,11,Legal
549,78,4,Collin Hill,collin_hill@mockorg.com,1981-05-13,2020-07-27,N,11,Legal
550,78,4,John Thomas,john_thomas@mockorg.com,1982-12-13,2009-05-09,N,11,Legal
551,78,4,Lee Myers,lee_myers@mockorg.com,1981-10-05,2005-09-09,N,11,Legal
552,79,4,Brittney Henry,brittney_henry@mockorg.com,1994-04-05,2024-06-27,N,11,Legal
553,79,4,David Atkinson,david_atkinson@mockorg.com,2004-06-15,2000-04-30,N,11,Legal
554,79,4,Tanya Stone,tanya_stone@mockorg.com,1977-06-12,1998-11-29,N,11,Legal
555,79,4,Darlene Jacobs,darlene_jacobs@mockorg.com,1970-08-20,2002-01-17,N,11,Legal
556,79,4,Samantha Bradford,samantha_bradford@mockorg.com,1984-08-31,2007-08-17,N,11,Legal
557,79,4,George Li,george_li@mockorg.com,1984-02-14,2020-02-01,N,11,Legal
558,80,4,Michele Duran,michele_duran@mockorg.com,2005-06-01,1996-08-23,N,11,Legal
559,80,4,Tina Harris,tina_harris@mockorg.com,1993-01-04,1999-12-03,N,11,Legal
560,80,4,Wesley Reynolds,wesley_reynolds@mockorg.com,1965-02-16,2005-03-09,N,11,Legal
561,80,4,Marilyn Mckinney,marilyn_mckinney@mockorg.com,1989-11-05,2023-06-22,N,11,Legal
562,80,4,James Maldonado,james_maldonado@mockorg.com,1973-06-20,2003-05-11,N,11,Legal
563,80,4,Jennifer Moore,jennifer_moore@mockorg.com,1999-02-22,1994-07-31,N,11,Legal
564,80,4,Andrew Curtis,andrew_curtis@mockorg.com,1987-09-26,2005-02-27,N,11,Legal
565,81,4,Kyle Stout,kyle_stout@mockorg.com,1975-07-17,1990-08-01,N,11,Legal
566,81,4,Julie Wilson,julie_wilson@mockorg.com,1992-04-26,1996-11-20,N,11,Legal
567,81,4,Stephen Newton,stephen_newton@mockorg.com,1968-05-30,2013-05-06,N,11,Legal
568,81,4,Louis Harrison,louis_harrison@mockorg.com,1981-05-20,2001-08-06,N,11,Legal
569,81,4,Cory Hayes,cory_hayes@mockorg.com,1975-04-20,2012-12-16,N,11,Legal
570,81,4,Elizabeth Riley,elizabeth_riley@mockorg.com,1967-01-23,1997-02-04,N,11,Legal
571,81,4,Carol Rios,carol_rios@mockorg.com,2001-05-28,2002-12-19,N,11,Legal
572,81,4,Leonard Rodriguez,leonard_rodriguez@mockorg.com,1986-01-21,2020-01-21,N,11,Legal
573,81,4,Jaime Pollard,jaime_pollard@mockorg.com,2004-03-10,2010-10-24,N,11,Legal
574,82,4,Brian Hogan,brian_hogan@mockorg.com,1992-04-10,2023-07-22,N,11,Legal
575,82,4,Michelle Ferguson DVM,michelle_ferguson_dvm@mockorg.com,1971-05-26,2008-12-13,N,11,Legal
576,82,4,Kimberly Rios,kimberly_rios@mockorg.com,1996-07-12,2013-09-30,N,11,Legal
577,82,4,Daniel Thornton,daniel_thornton@mockorg.com,2003-10-12,2004-05-30,N,11,Legal
578,82,4,Anthony Lindsey,anthony_lindsey@mockorg.com,1966-07-21,2007-07-11,N,11,Legal
579,82,4,Donna Valdez,donna_valdez@mockorg.com,1990-05-26,2016-08-28,N,11,Legal
580,83,4,Samantha Pham,samantha_pham@mockorg.com,2003-03-21,2011-04-01,N,11,Legal
581,83,4,Bradley Reynolds,bradley_reynolds@mockorg.com,1995-03-19,2005-05-27,N,11,Legal
582,83,4,John Roth,john_roth@mockorg.com,1970-10-30,2002-06-13,N,11,Legal
583,83,4,Timothy Simpson,timothy_simpson@mockorg.com,1995-02-25,1997-03-12,N,11,Legal
584,83,4,Justin Melendez,justin_melendez@mockorg.com,1991-06-19,2008-09-09,N,11,Legal
585,83,4,Rachel Wolfe,rachel_wolfe@mockorg.com,1973-02-21,2024-04-13,N,11,Legal
586,83,4,Sarah Huff,sarah_huff@mockorg.com,1970-09-11,1991-03-15,N,11,Legal
587,83,4,Mr. Peter Lopez,mr._peter_lopez@mockorg.com,1964-04-29,2011-05-31,N,11,Legal
588,84,4,Timothy Cooper,timothy_cooper@mockorg.com,1966-11-19,2011-07-06,N,11,Legal
589,84,4,Darryl Allen,darryl_allen@mockorg.com,1998-03-24,2024-08-18,N,11,Legal
590,84,4,Erika Nguyen,erika_nguyen@mockorg.com,1990-10-26,2010-03-14,N,11,Legal
591,84,4,Maria Smith,maria_smith@mockorg.com,1991-03-14,1994-11-21,N,11,Legal
592,84,4,Joshua Hall,joshua_hall@mockorg.com,1981-01-18,2007-02-21,N,11,Legal
593,84,4,Kenneth Donaldson MD,kenneth_donaldson_md@mockorg.com,1975-10-04,2000-01-28,N,11,Legal
594,84,4,Holly Bush,holly_bush@mockorg.com,1987-11-23,2005-08-02,N,11,Legal
